observation_id,entity_type,entity_id,city,province,segment,capability_id,indicator_name,indicator_value,indicator_unit,evidence_type,confidence,source_id,year,notes
obs_0001,discipline,disc_1401,,,etch_clean,,MOE discipline relevance to tooling segment,Integrated Circuit Science and Engineering,qualitative,manual_inference,medium,CN_EDU_MOE_GRAD_DIR_2022,2022,"集成电路科学与工程 (1401) is analyst-mapped to etch_clean; use as taxonomy, not headcount."
obs_0002,discipline,disc_1401,,,deposition,,MOE discipline relevance to tooling segment,Integrated Circuit Science and Engineering,qualitative,manual_inference,medium,CN_EDU_MOE_GRAD_DIR_2022,2022,"集成电路科学与工程 (1401) is analyst-mapped to deposition; use as taxonomy, not headcount."
obs_0003,discipline,disc_1401,,,metrology_inspection,,MOE discipline relevance to tooling segment,Integrated Circuit Science and Engineering,qualitative,manual_inference,medium,CN_EDU_MOE_GRAD_DIR_2022,2022,"集成电路科学与工程 (1401) is analyst-mapped to metrology_inspection; use as taxonomy, not headcount."
obs_0004,discipline,disc_1401,,,lithography_sidebar,,MOE discipline relevance to tooling segment,Integrated Circuit Science and Engineering,qualitative,manual_inference,medium,CN_EDU_MOE_GRAD_DIR_2022,2022,"集成电路科学与工程 (1401) is analyst-mapped to lithography_sidebar; use as taxonomy, not headcount."
obs_0005,discipline,disc_0702,,,etch_clean,,MOE discipline relevance to tooling segment,Physics,qualitative,manual_inference,medium,CN_EDU_MOE_GRAD_DIR_2022,2022,"物理学 (0702) is analyst-mapped to etch_clean; use as taxonomy, not headcount."
obs_0006,discipline,disc_0702,,,metrology_inspection,,MOE discipline relevance to tooling segment,Physics,qualitative,manual_inference,medium,CN_EDU_MOE_GRAD_DIR_2022,2022,"物理学 (0702) is analyst-mapped to metrology_inspection; use as taxonomy, not headcount."
obs_0007,discipline,disc_0702,,,lithography_sidebar,,MOE discipline relevance to tooling segment,Physics,qualitative,manual_inference,medium,CN_EDU_MOE_GRAD_DIR_2022,2022,"物理学 (0702) is analyst-mapped to lithography_sidebar; use as taxonomy, not headcount."
obs_0008,discipline,disc_0703,,,etch_clean,,MOE discipline relevance to tooling segment,Chemistry,qualitative,manual_inference,medium,CN_EDU_MOE_GRAD_DIR_2022,2022,"化学 (0703) is analyst-mapped to etch_clean; use as taxonomy, not headcount."
obs_0009,discipline,disc_0703,,,deposition,,MOE discipline relevance to tooling segment,Chemistry,qualitative,manual_inference,medium,CN_EDU_MOE_GRAD_DIR_2022,2022,"化学 (0703) is analyst-mapped to deposition; use as taxonomy, not headcount."
obs_0010,discipline,disc_0802,,,deposition,,MOE discipline relevance to tooling segment,Mechanical Engineering,qualitative,manual_inference,medium,CN_EDU_MOE_GRAD_DIR_2022,2022,"机械工程 (0802) is analyst-mapped to deposition; use as taxonomy, not headcount."
obs_0011,discipline,disc_0802,,,metrology_inspection,,MOE discipline relevance to tooling segment,Mechanical Engineering,qualitative,manual_inference,medium,CN_EDU_MOE_GRAD_DIR_2022,2022,"机械工程 (0802) is analyst-mapped to metrology_inspection; use as taxonomy, not headcount."
obs_0012,discipline,disc_0802,,,lithography_sidebar,,MOE discipline relevance to tooling segment,Mechanical Engineering,qualitative,manual_inference,medium,CN_EDU_MOE_GRAD_DIR_2022,2022,"机械工程 (0802) is analyst-mapped to lithography_sidebar; use as taxonomy, not headcount."
obs_0013,discipline,disc_0803,,,metrology_inspection,,MOE discipline relevance to tooling segment,Optical Engineering,qualitative,manual_inference,medium,CN_EDU_MOE_GRAD_DIR_2022,2022,"光学工程 (0803) is analyst-mapped to metrology_inspection; use as taxonomy, not headcount."
obs_0014,discipline,disc_0803,,,lithography_sidebar,,MOE discipline relevance to tooling segment,Optical Engineering,qualitative,manual_inference,medium,CN_EDU_MOE_GRAD_DIR_2022,2022,"光学工程 (0803) is analyst-mapped to lithography_sidebar; use as taxonomy, not headcount."
obs_0015,discipline,disc_0804,,,metrology_inspection,,MOE discipline relevance to tooling segment,Instrument Science and Technology,qualitative,manual_inference,medium,CN_EDU_MOE_GRAD_DIR_2022,2022,"仪器科学与技术 (0804) is analyst-mapped to metrology_inspection; use as taxonomy, not headcount."
obs_0016,discipline,disc_0804,,,lithography_sidebar,,MOE discipline relevance to tooling segment,Instrument Science and Technology,qualitative,manual_inference,medium,CN_EDU_MOE_GRAD_DIR_2022,2022,"仪器科学与技术 (0804) is analyst-mapped to lithography_sidebar; use as taxonomy, not headcount."
obs_0017,discipline,disc_0805,,,deposition,,MOE discipline relevance to tooling segment,Materials Science and Engineering,qualitative,manual_inference,medium,CN_EDU_MOE_GRAD_DIR_2022,2022,"材料科学与工程 (0805) is analyst-mapped to deposition; use as taxonomy, not headcount."
obs_0018,discipline,disc_0805,,,etch_clean,,MOE discipline relevance to tooling segment,Materials Science and Engineering,qualitative,manual_inference,medium,CN_EDU_MOE_GRAD_DIR_2022,2022,"材料科学与工程 (0805) is analyst-mapped to etch_clean; use as taxonomy, not headcount."
obs_0019,discipline,disc_0809,,,etch_clean,,MOE discipline relevance to tooling segment,Electronic Science and Technology,qualitative,manual_inference,medium,CN_EDU_MOE_GRAD_DIR_2022,2022,"电子科学与技术 (0809) is analyst-mapped to etch_clean; use as taxonomy, not headcount."
obs_0020,discipline,disc_0809,,,deposition,,MOE discipline relevance to tooling segment,Electronic Science and Technology,qualitative,manual_inference,medium,CN_EDU_MOE_GRAD_DIR_2022,2022,"电子科学与技术 (0809) is analyst-mapped to deposition; use as taxonomy, not headcount."
obs_0021,discipline,disc_0809,,,metrology_inspection,,MOE discipline relevance to tooling segment,Electronic Science and Technology,qualitative,manual_inference,medium,CN_EDU_MOE_GRAD_DIR_2022,2022,"电子科学与技术 (0809) is analyst-mapped to metrology_inspection; use as taxonomy, not headcount."
obs_0022,discipline,disc_0809,,,lithography_sidebar,,MOE discipline relevance to tooling segment,Electronic Science and Technology,qualitative,manual_inference,medium,CN_EDU_MOE_GRAD_DIR_2022,2022,"电子科学与技术 (0809) is analyst-mapped to lithography_sidebar; use as taxonomy, not headcount."
obs_0023,discipline,disc_0811,,,metrology_inspection,,MOE discipline relevance to tooling segment,Control Science and Engineering,qualitative,manual_inference,medium,CN_EDU_MOE_GRAD_DIR_2022,2022,"控制科学与工程 (0811) is analyst-mapped to metrology_inspection; use as taxonomy, not headcount."
obs_0024,discipline,disc_0811,,,lithography_sidebar,,MOE discipline relevance to tooling segment,Control Science and Engineering,qualitative,manual_inference,medium,CN_EDU_MOE_GRAD_DIR_2022,2022,"控制科学与工程 (0811) is analyst-mapped to lithography_sidebar; use as taxonomy, not headcount."
obs_0025,discipline,disc_0811,,,etch_clean,,MOE discipline relevance to tooling segment,Control Science and Engineering,qualitative,manual_inference,medium,CN_EDU_MOE_GRAD_DIR_2022,2022,"控制科学与工程 (0811) is analyst-mapped to etch_clean; use as taxonomy, not headcount."
obs_0026,discipline,disc_0811,,,deposition,,MOE discipline relevance to tooling segment,Control Science and Engineering,qualitative,manual_inference,medium,CN_EDU_MOE_GRAD_DIR_2022,2022,"控制科学与工程 (0811) is analyst-mapped to deposition; use as taxonomy, not headcount."
obs_0027,discipline,disc_0812,,,metrology_inspection,,MOE discipline relevance to tooling segment,Computer Science and Technology,qualitative,manual_inference,medium,CN_EDU_MOE_GRAD_DIR_2022,2022,"计算机科学与技术 (0812) is analyst-mapped to metrology_inspection; use as taxonomy, not headcount."
obs_0028,discipline,disc_0812,,,lithography_sidebar,,MOE discipline relevance to tooling segment,Computer Science and Technology,qualitative,manual_inference,medium,CN_EDU_MOE_GRAD_DIR_2022,2022,"计算机科学与技术 (0812) is analyst-mapped to lithography_sidebar; use as taxonomy, not headcount."
obs_0029,discipline,disc_0817,,,deposition,,MOE discipline relevance to tooling segment,Chemical Engineering and Technology,qualitative,manual_inference,medium,CN_EDU_MOE_GRAD_DIR_2022,2022,"化学工程与技术 (0817) is analyst-mapped to deposition; use as taxonomy, not headcount."
obs_0030,discipline,disc_0817,,,etch_clean,,MOE discipline relevance to tooling segment,Chemical Engineering and Technology,qualitative,manual_inference,medium,CN_EDU_MOE_GRAD_DIR_2022,2022,"化学工程与技术 (0817) is analyst-mapped to etch_clean; use as taxonomy, not headcount."
obs_0031,discipline,disc_0854,,,etch_clean,,MOE discipline relevance to tooling segment,Electronic Information,qualitative,manual_inference,medium,CN_EDU_MOE_GRAD_DIR_2022,2022,"电子信息 (0854) is analyst-mapped to etch_clean; use as taxonomy, not headcount."
obs_0032,discipline,disc_0854,,,deposition,,MOE discipline relevance to tooling segment,Electronic Information,qualitative,manual_inference,medium,CN_EDU_MOE_GRAD_DIR_2022,2022,"电子信息 (0854) is analyst-mapped to deposition; use as taxonomy, not headcount."
obs_0033,discipline,disc_0854,,,metrology_inspection,,MOE discipline relevance to tooling segment,Electronic Information,qualitative,manual_inference,medium,CN_EDU_MOE_GRAD_DIR_2022,2022,"电子信息 (0854) is analyst-mapped to metrology_inspection; use as taxonomy, not headcount."
obs_0034,discipline,disc_0854,,,lithography_sidebar,,MOE discipline relevance to tooling segment,Electronic Information,qualitative,manual_inference,medium,CN_EDU_MOE_GRAD_DIR_2022,2022,"电子信息 (0854) is analyst-mapped to lithography_sidebar; use as taxonomy, not headcount."
obs_0035,discipline,disc_0855,,,deposition,,MOE discipline relevance to tooling segment,Mechanical Engineering,qualitative,manual_inference,medium,CN_EDU_MOE_GRAD_DIR_2022,2022,"机械 (0855) is analyst-mapped to deposition; use as taxonomy, not headcount."
obs_0036,discipline,disc_0855,,,metrology_inspection,,MOE discipline relevance to tooling segment,Mechanical Engineering,qualitative,manual_inference,medium,CN_EDU_MOE_GRAD_DIR_2022,2022,"机械 (0855) is analyst-mapped to metrology_inspection; use as taxonomy, not headcount."
obs_0037,discipline,disc_0855,,,lithography_sidebar,,MOE discipline relevance to tooling segment,Mechanical Engineering,qualitative,manual_inference,medium,CN_EDU_MOE_GRAD_DIR_2022,2022,"机械 (0855) is analyst-mapped to lithography_sidebar; use as taxonomy, not headcount."
obs_0038,discipline,disc_0856,,,deposition,,MOE discipline relevance to tooling segment,Materials and Chemical Engineering,qualitative,manual_inference,medium,CN_EDU_MOE_GRAD_DIR_2022,2022,"材料与化工 (0856) is analyst-mapped to deposition; use as taxonomy, not headcount."
obs_0039,discipline,disc_0856,,,etch_clean,,MOE discipline relevance to tooling segment,Materials and Chemical Engineering,qualitative,manual_inference,medium,CN_EDU_MOE_GRAD_DIR_2022,2022,"材料与化工 (0856) is analyst-mapped to etch_clean; use as taxonomy, not headcount."
obs_0040,capability,ECS01,,,etch_clean,ECS01,Capability row in segment taxonomy,Plasma source and sheath control,qualitative,manual_inference,medium,CN_FIRM_AMEC,2026,Taxonomy row; validate exact source anchors before public release.
obs_0041,capability,ECS02,,,etch_clean,ECS02,Capability row in segment taxonomy,"Profile, selectivity, and high-aspect-ratio transfer",qualitative,manual_inference,medium,CN_FIRM_AMEC,2026,Taxonomy row; validate exact source anchors before public release.
obs_0042,capability,ECS03,,,etch_clean,ECS03,Capability row in segment taxonomy,Post-etch clean and residue removal,qualitative,manual_inference,medium,CN_FIRM_AMEC,2026,Taxonomy row; validate exact source anchors before public release.
obs_0043,capability,ECS04,,,etch_clean,ECS04,Capability row in segment taxonomy,Strip and rework-safe material removal,qualitative,manual_inference,medium,CN_FIRM_AMEC,2026,Taxonomy row; validate exact source anchors before public release.
obs_0044,capability,DEP01,,,deposition,DEP01,Capability row in segment taxonomy,Precursor delivery and reaction control,qualitative,manual_inference,medium,CN_FIRM_NAURA,2026,Taxonomy row; validate exact source anchors before public release.
obs_0045,capability,DEP02,,,deposition,DEP02,Capability row in segment taxonomy,Film-property engineering,qualitative,manual_inference,medium,CN_FIRM_NAURA,2026,Taxonomy row; validate exact source anchors before public release.
obs_0046,capability,DEP03,,,deposition,DEP03,Capability row in segment taxonomy,"Conformality, coverage, and gap fill",qualitative,manual_inference,medium,CN_FIRM_NAURA,2026,Taxonomy row; validate exact source anchors before public release.
obs_0047,capability,DEP04,,,deposition,DEP04,Capability row in segment taxonomy,High-volume stability and chamber match,qualitative,manual_inference,medium,CN_FIRM_NAURA,2026,Taxonomy row; validate exact source anchors before public release.
obs_0048,capability,MI01,,,metrology_inspection,MI01,Capability row in segment taxonomy,Defect imaging and illumination engineering,qualitative,manual_inference,medium,CN_FIRM_BEIM,2026,Taxonomy row; validate exact source anchors before public release.
obs_0049,capability,MI02,,,metrology_inspection,MI02,Capability row in segment taxonomy,"CD, overlay, thickness, profile, and flatness measurement",qualitative,manual_inference,medium,CN_FIRM_BEIM,2026,Taxonomy row; validate exact source anchors before public release.
obs_0050,capability,MI03,,,metrology_inspection,MI03,Capability row in segment taxonomy,"Algorithms, classification, and SPC integration",qualitative,manual_inference,medium,CN_FIRM_BEIM,2026,Taxonomy row; validate exact source anchors before public release.
obs_0051,capability,MI04,,,metrology_inspection,MI04,Capability row in segment taxonomy,"Calibration, matching, and customer feedback loops",qualitative,manual_inference,medium,CN_FIRM_BEIM,2026,Taxonomy row; validate exact source anchors before public release.
obs_0052,capability,LIT01,,,lithography_sidebar,LIT01,Capability row in segment taxonomy,"Projection optics, stages, focus, and overlay",qualitative,manual_inference,medium,CN_FIRM_SMEE,2026,Taxonomy row; validate exact source anchors before public release.
obs_0053,capability,LIT02,,,lithography_sidebar,LIT02,Capability row in segment taxonomy,Resist-stack integration and contamination control,qualitative,manual_inference,medium,CN_FIRM_SMEE,2026,Taxonomy row; validate exact source anchors before public release.
obs_0054,role_family,ECS_RS,,,etch_clean,,Role-family public observability,Medium,qualitative,manual_inference,medium,CN_FIRM_AMEC,2026,Research scientists for etch_clean; based on taxonomy and public proxy sources.
obs_0055,role_family,ECS_PE,,,etch_clean,,Role-family public observability,High,qualitative,job_posting_proxy,medium,CN_FIRM_AMEC,2026,Production engineers for etch_clean; based on taxonomy and public proxy sources.
obs_0056,role_family,ECS_TE,,,etch_clean,,Role-family public observability,Medium,qualitative,manual_inference,medium,CN_FIRM_AMEC,2026,Technicians for etch_clean; based on taxonomy and public proxy sources.
obs_0057,role_family,ECS_TK,,,etch_clean,,Role-family public observability,Weakly observable,qualitative,manual_inference,medium,CN_FIRM_AMEC,2026,Tacit production know-how for etch_clean; based on taxonomy and public proxy sources.
obs_0058,role_family,DEP_RS,,,deposition,,Role-family public observability,Medium,qualitative,manual_inference,medium,CN_FIRM_NAURA,2026,Research scientists for deposition; based on taxonomy and public proxy sources.
obs_0059,role_family,DEP_PE,,,deposition,,Role-family public observability,High,qualitative,job_posting_proxy,medium,CN_FIRM_NAURA,2026,Production engineers for deposition; based on taxonomy and public proxy sources.
obs_0060,role_family,DEP_TE,,,deposition,,Role-family public observability,Medium,qualitative,manual_inference,medium,CN_FIRM_NAURA,2026,Technicians for deposition; based on taxonomy and public proxy sources.
obs_0061,role_family,DEP_TK,,,deposition,,Role-family public observability,Weakly observable,qualitative,manual_inference,medium,CN_FIRM_NAURA,2026,Tacit production know-how for deposition; based on taxonomy and public proxy sources.
obs_0062,role_family,MI_RS,,,metrology_inspection,,Role-family public observability,Medium,qualitative,manual_inference,medium,CN_FIRM_BEIM,2026,Research scientists for metrology_inspection; based on taxonomy and public proxy sources.
obs_0063,role_family,MI_PE,,,metrology_inspection,,Role-family public observability,High,qualitative,job_posting_proxy,medium,CN_FIRM_BEIM,2026,Production engineers for metrology_inspection; based on taxonomy and public proxy sources.
obs_0064,role_family,MI_TE,,,metrology_inspection,,Role-family public observability,Medium,qualitative,manual_inference,medium,CN_FIRM_BEIM,2026,Technicians for metrology_inspection; based on taxonomy and public proxy sources.
obs_0065,role_family,MI_TK,,,metrology_inspection,,Role-family public observability,Weakly observable,qualitative,manual_inference,medium,CN_FIRM_BEIM,2026,Tacit production know-how for metrology_inspection; based on taxonomy and public proxy sources.
obs_0066,role_family,LIT_RS,,,lithography_sidebar,,Role-family public observability,Medium,qualitative,manual_inference,medium,CN_FIRM_SMEE,2026,Research scientists for lithography_sidebar; based on taxonomy and public proxy sources.
obs_0067,role_family,LIT_PE,,,lithography_sidebar,,Role-family public observability,High,qualitative,job_posting_proxy,medium,CN_FIRM_SMEE,2026,Production engineers for lithography_sidebar; based on taxonomy and public proxy sources.
obs_0068,role_family,LIT_TE,,,lithography_sidebar,,Role-family public observability,Medium,qualitative,manual_inference,medium,CN_FIRM_SMEE,2026,Technicians for lithography_sidebar; based on taxonomy and public proxy sources.
obs_0069,role_family,LIT_TK,,,lithography_sidebar,,Role-family public observability,Weakly observable,qualitative,manual_inference,medium,CN_FIRM_SMEE,2026,Tacit production know-how for lithography_sidebar; based on taxonomy and public proxy sources.
obs_0070,institution,inst_tsinghua_dpi,Beijing,Beijing,metrology_inspection,,Relevant institutional-capacity signal,Tsinghua University - Department of Precision Instrument,qualitative,institutional_capacity,medium,CN_UNI_THU_DPI,2026,Precision instrument source useful for metrology/lithography-sidebar talent mapping.
obs_0071,institution,inst_tsinghua_dpi,Beijing,Beijing,lithography_sidebar,,Relevant institutional-capacity signal,Tsinghua University - Department of Precision Instrument,qualitative,institutional_capacity,medium,CN_UNI_THU_DPI,2026,Precision instrument source useful for metrology/lithography-sidebar talent mapping.
obs_0072,institution,inst_zju_optics,Hangzhou,Zhejiang,metrology_inspection,,Relevant institutional-capacity signal,Zhejiang University - College of Optical Science and Engineering,qualitative,institutional_capacity,medium,CN_UNI_ZJU_OPTICS,2026,"Optics, optical instrumentation, sensing, and imaging pipeline."
obs_0073,institution,inst_zju_optics,Hangzhou,Zhejiang,lithography_sidebar,,Relevant institutional-capacity signal,Zhejiang University - College of Optical Science and Engineering,qualitative,institutional_capacity,medium,CN_UNI_ZJU_OPTICS,2026,"Optics, optical instrumentation, sensing, and imaging pipeline."
obs_0074,institution,inst_hit_instrument,Harbin,Heilongjiang,metrology_inspection,,Relevant institutional-capacity signal,Harbin Institute of Technology - School of Instrumentation Science and Engineering,qualitative,institutional_capacity,medium,CN_UNI_HIT_INSTR,2026,Precision instruments and measurement; metrology and ultra-precision instrumentation proxy.
obs_0075,institution,inst_hit_instrument,Harbin,Heilongjiang,lithography_sidebar,,Relevant institutional-capacity signal,Harbin Institute of Technology - School of Instrumentation Science and Engineering,qualitative,institutional_capacity,medium,CN_UNI_HIT_INSTR,2026,Precision instruments and measurement; metrology and ultra-precision instrumentation proxy.
obs_0076,institution,inst_dut_chemeng,Dalian,Liaoning,etch_clean,,Relevant institutional-capacity signal,Dalian University of Technology - School of Chemical Engineering,qualitative,institutional_capacity,medium,CN_UNI_DUT_CHEMENG,2026,"Chemical engineering proxy for wet-process, clean/strip, process chemistry, and precursor delivery talent."
obs_0077,institution,inst_dut_chemeng,Dalian,Liaoning,deposition,,Relevant institutional-capacity signal,Dalian University of Technology - School of Chemical Engineering,qualitative,institutional_capacity,medium,CN_UNI_DUT_CHEMENG,2026,"Chemical engineering proxy for wet-process, clean/strip, process chemistry, and precursor delivery talent."
obs_0078,institution,inst_fudan_icmne,Shanghai,Shanghai,etch_clean,,Relevant institutional-capacity signal,Fudan University - School of Microelectronics,qualitative,institutional_capacity,medium,CN_UNI_FDU_ICMNE,2026,Micro/nano-electronics and process-adjacent IC training proxy.
obs_0079,institution,inst_fudan_icmne,Shanghai,Shanghai,deposition,,Relevant institutional-capacity signal,Fudan University - School of Microelectronics,qualitative,institutional_capacity,medium,CN_UNI_FDU_ICMNE,2026,Micro/nano-electronics and process-adjacent IC training proxy.
obs_0080,institution,inst_fudan_icmne,Shanghai,Shanghai,metrology_inspection,,Relevant institutional-capacity signal,Fudan University - School of Microelectronics,qualitative,institutional_capacity,medium,CN_UNI_FDU_ICMNE,2026,Micro/nano-electronics and process-adjacent IC training proxy.
obs_0081,institution,inst_fudan_icmne,Shanghai,Shanghai,lithography_sidebar,,Relevant institutional-capacity signal,Fudan University - School of Microelectronics,qualitative,institutional_capacity,medium,CN_UNI_FDU_ICMNE,2026,Micro/nano-electronics and process-adjacent IC training proxy.
obs_0082,institution,inst_tju_precision,Tianjin,Tianjin,metrology_inspection,,Relevant institutional-capacity signal,Tianjin University - School of Precision Instrument and Opto-electronics Engineering,qualitative,institutional_capacity,medium,CN_UNI_TJU_PRECISION,2026,"Precision testing, micro/nano manufacturing, sensing, and optical engineering proxy."
obs_0083,institution,inst_tju_precision,Tianjin,Tianjin,lithography_sidebar,,Relevant institutional-capacity signal,Tianjin University - School of Precision Instrument and Opto-electronics Engineering,qualitative,institutional_capacity,medium,CN_UNI_TJU_PRECISION,2026,"Precision testing, micro/nano manufacturing, sensing, and optical engineering proxy."
obs_0084,company,ent_naura,Beijing,Beijing,etch_clean,,Industry / tool-category presence signal,NAURA Technology Group,qualitative,industry_presence,medium,CN_FIRM_NAURA,2026,Official product page lists semiconductor equipment categories; use for tool-category mapping.
obs_0085,company,ent_naura,Beijing,Beijing,deposition,,Industry / tool-category presence signal,NAURA Technology Group,qualitative,industry_presence,medium,CN_FIRM_NAURA,2026,Official product page lists semiconductor equipment categories; use for tool-category mapping.
obs_0086,company,ent_amec,Shanghai,Shanghai,etch_clean,,Industry / tool-category presence signal,AMEC,qualitative,industry_presence,medium,CN_FIRM_AMEC,2026,Core etch/deposition product-line source.
obs_0087,company,ent_amec,Shanghai,Shanghai,deposition,,Industry / tool-category presence signal,AMEC,qualitative,industry_presence,medium,CN_FIRM_AMEC,2026,Core etch/deposition product-line source.
obs_0088,company,ent_piotech,Shenyang,Liaoning,deposition,,Industry / tool-category presence signal,Piotech,qualitative,industry_presence,medium,CN_FIRM_PIOTECH,2026,Deposition company source covering PECVD/ALD/SACVD/HDPCVD/Flowable CVD in ledger.
obs_0089,company,ent_acm_sh,Shanghai,Shanghai,etch_clean,,Industry / tool-category presence signal,ACM Research Shanghai,qualitative,industry_presence,medium,CN_FIRM_ACM_SH,2026,Clean/strip and adjacent front-end equipment source.
obs_0090,company,ent_acm_sh,Shanghai,Shanghai,deposition,,Industry / tool-category presence signal,ACM Research Shanghai,qualitative,industry_presence,medium,CN_FIRM_ACM_SH,2026,Clean/strip and adjacent front-end equipment source.
obs_0091,company,ent_beim,Beijing,Beijing,metrology_inspection,,Industry / tool-category presence signal,Beijing Electronics Inspection and Metrology Equipment,qualitative,industry_presence,medium,CN_FIRM_BEIM,2026,Metrology/inspection anchor source.
obs_0092,company,ent_smee,Shanghai,Shanghai,lithography_sidebar,,Industry / tool-category presence signal,Shanghai Micro Electronics Equipment,qualitative,industry_presence,medium,CN_FIRM_SMEE,2026,Lithography-sidebar source; homepage broad and needs product-page verification for claims.
obs_0093,company,ent_smee,Shanghai,Shanghai,metrology_inspection,,Industry / tool-category presence signal,Shanghai Micro Electronics Equipment,qualitative,industry_presence,medium,CN_FIRM_SMEE,2026,Lithography-sidebar source; homepage broad and needs product-page verification for claims.
obs_0094,industrial_park,ent_lingang_oriental_chip_port,Shanghai,Shanghai,etch_clean,,Industry / tool-category presence signal,Oriental Chip Port,qualitative,industry_presence,high,CN_PARK_ORIENTAL_CHIP_PORT,2026,"Park-level source for distinctive processes, key equipment, basic materials, and packaging/testing."
obs_0095,industrial_park,ent_lingang_oriental_chip_port,Shanghai,Shanghai,deposition,,Industry / tool-category presence signal,Oriental Chip Port,qualitative,industry_presence,high,CN_PARK_ORIENTAL_CHIP_PORT,2026,"Park-level source for distinctive processes, key equipment, basic materials, and packaging/testing."
obs_0096,industrial_park,ent_lingang_oriental_chip_port,Shanghai,Shanghai,metrology_inspection,,Industry / tool-category presence signal,Oriental Chip Port,qualitative,industry_presence,high,CN_PARK_ORIENTAL_CHIP_PORT,2026,"Park-level source for distinctive processes, key equipment, basic materials, and packaging/testing."
obs_0097,industrial_park,ent_lingang_oriental_chip_port,Shanghai,Shanghai,lithography_sidebar,,Industry / tool-category presence signal,Oriental Chip Port,qualitative,industry_presence,high,CN_PARK_ORIENTAL_CHIP_PORT,2026,"Park-level source for distinctive processes, key equipment, basic materials, and packaging/testing."
obs_0098,industrial_cluster,ent_beijing_etown_ic,Beijing,Beijing,etch_clean,,Industry / tool-category presence signal,Beijing E-Town IC Cluster,qualitative,industry_presence,high,CN_PARK_BEIJING_ETOWN_IC,2026,"Cluster geography source that includes design, manufacturing, packaging, equipment, parts, and materials."
obs_0099,industrial_cluster,ent_beijing_etown_ic,Beijing,Beijing,deposition,,Industry / tool-category presence signal,Beijing E-Town IC Cluster,qualitative,industry_presence,high,CN_PARK_BEIJING_ETOWN_IC,2026,"Cluster geography source that includes design, manufacturing, packaging, equipment, parts, and materials."
obs_0100,industrial_cluster,ent_beijing_etown_ic,Beijing,Beijing,metrology_inspection,,Industry / tool-category presence signal,Beijing E-Town IC Cluster,qualitative,industry_presence,high,CN_PARK_BEIJING_ETOWN_IC,2026,"Cluster geography source that includes design, manufacturing, packaging, equipment, parts, and materials."
obs_0101,industrial_cluster,ent_beijing_etown_ic,Beijing,Beijing,lithography_sidebar,,Industry / tool-category presence signal,Beijing E-Town IC Cluster,qualitative,industry_presence,high,CN_PARK_BEIJING_ETOWN_IC,2026,"Cluster geography source that includes design, manufacturing, packaging, equipment, parts, and materials."
obs_0102,industrial_cluster,ent_sip_ic,Suzhou,Jiangsu,deposition,,Industry / tool-category presence signal,Suzhou Industrial Park IC Cluster,qualitative,industry_presence,high,CN_PARK_SIP_IC,2026,Action-plan source naming equipment directions and talent/firm targets.
obs_0103,industrial_cluster,ent_sip_ic,Suzhou,Jiangsu,metrology_inspection,,Industry / tool-category presence signal,Suzhou Industrial Park IC Cluster,qualitative,industry_presence,high,CN_PARK_SIP_IC,2026,Action-plan source naming equipment directions and talent/firm targets.
obs_0104,industrial_cluster,ent_sip_ic,Suzhou,Jiangsu,lithography_sidebar,,Industry / tool-category presence signal,Suzhou Industrial Park IC Cluster,qualitative,industry_presence,high,CN_PARK_SIP_IC,2026,Action-plan source naming equipment directions and talent/firm targets.
obs_0105,industrial_park,ent_haicang_ic,Xiamen,Fujian,etch_clean,,Industry / tool-category presence signal,Xiamen Haicang IC Park,qualitative,industry_presence,high,CN_PARK_HAICANG_IC,2026,Park source for South China / coastal demand mapping.
obs_0106,industrial_park,ent_haicang_ic,Xiamen,Fujian,deposition,,Industry / tool-category presence signal,Xiamen Haicang IC Park,qualitative,industry_presence,high,CN_PARK_HAICANG_IC,2026,Park source for South China / coastal demand mapping.
obs_0107,industrial_park,ent_haicang_ic,Xiamen,Fujian,metrology_inspection,,Industry / tool-category presence signal,Xiamen Haicang IC Park,qualitative,industry_presence,high,CN_PARK_HAICANG_IC,2026,Park source for South China / coastal demand mapping.
obs_0108,company,ent_jingce,Wuhan,Hubei,metrology_inspection,,Industry / tool-category presence signal,Jingce Electronic,qualitative,industry_presence,medium,CN_FILING_JINGCE_2025,2026,Annual report summary source for metrology/inspection product taxonomy; verify full filing before public claims.
obs_0109,city,sig_001,Shenzhen,Guangdong,etch_clean,,Official semiconductor/IC high-end shortage directory signal,present,qualitative,shortage_signal,high,CN_SHORT_SZ_SEMI_2024,2024,"Use as evidence of official role-level demand signal, not as neutral labor-market census."
obs_0110,city,sig_002,Shenzhen,Guangdong,deposition,,Official semiconductor/IC high-end shortage directory signal,present,qualitative,shortage_signal,high,CN_SHORT_SZ_SEMI_2024,2024,"Use as evidence of official role-level demand signal, not as neutral labor-market census."
obs_0111,city,sig_003,Shenzhen,Guangdong,metrology_inspection,,Official semiconductor/IC high-end shortage directory signal,present,qualitative,shortage_signal,high,CN_SHORT_SZ_SEMI_2024,2024,"Use as evidence of official role-level demand signal, not as neutral labor-market census."
obs_0112,city,sig_004,Shenzhen,Guangdong,lithography_sidebar,,Official semiconductor/IC high-end shortage directory signal,present,qualitative,shortage_signal,high,CN_SHORT_SZ_SEMI_2024,2024,"Use as evidence of official role-level demand signal, not as neutral labor-market census."
obs_0113,city,sig_005,Bao'an / Shenzhen,Guangdong,etch_clean,,District-level urgent-shortage talent pool signal,present,qualitative,shortage_signal,medium,CN_SHORT_BAOAN_2025,2025,Announcement summarizes district shortage directory; use attachment for detailed rows later.
obs_0114,city,sig_006,Bao'an / Shenzhen,Guangdong,deposition,,District-level urgent-shortage talent pool signal,present,qualitative,shortage_signal,medium,CN_SHORT_BAOAN_2025,2025,Announcement summarizes district shortage directory; use attachment for detailed rows later.
obs_0115,city,sig_007,Bao'an / Shenzhen,Guangdong,metrology_inspection,,District-level urgent-shortage talent pool signal,present,qualitative,shortage_signal,medium,CN_SHORT_BAOAN_2025,2025,Announcement summarizes district shortage directory; use attachment for detailed rows later.
obs_0116,city,sig_008,Tianjin,Tianjin,etch_clean,,High-level and urgent-shortage talent directory includes IC chain context,present,qualitative,shortage_signal,medium,CN_SHORT_TJ_DIR_2023,2023,Multi-industry source; semiconductor equipment roles need filtering.
obs_0117,city,sig_009,Tianjin,Tianjin,deposition,,High-level and urgent-shortage talent directory includes IC chain context,present,qualitative,shortage_signal,medium,CN_SHORT_TJ_DIR_2023,2023,Multi-industry source; semiconductor equipment roles need filtering.
obs_0118,city,sig_010,Tianjin,Tianjin,metrology_inspection,,High-level and urgent-shortage talent directory includes IC chain context,present,qualitative,shortage_signal,medium,CN_SHORT_TJ_DIR_2023,2023,Multi-industry source; semiconductor equipment roles need filtering.
obs_0119,city,sig_011,Chengdu-Chongqing,Sichuan/Chongqing,etch_clean,,Regional urgent-shortage talent directory relevant to electronics and advanced manufacturing,present,qualitative,shortage_signal,medium,CN_SHORT_CY_DIR_2023,2023,Regional source; filter semiconductor/equipment roles from broader clusters.
obs_0120,city,sig_012,Chengdu-Chongqing,Sichuan/Chongqing,deposition,,Regional urgent-shortage talent directory relevant to electronics and advanced manufacturing,present,qualitative,shortage_signal,medium,CN_SHORT_CY_DIR_2023,2023,Regional source; filter semiconductor/equipment roles from broader clusters.
obs_0121,city,sig_013,Chengdu-Chongqing,Sichuan/Chongqing,metrology_inspection,,Regional urgent-shortage talent directory relevant to electronics and advanced manufacturing,present,qualitative,shortage_signal,medium,CN_SHORT_CY_DIR_2023,2023,Regional source; filter semiconductor/equipment roles from broader clusters.
obs_0122,city,sig_014,Shanghai,Shanghai,etch_clean,,Shanghai shortage and IC cluster policy context,present,qualitative,shortage_signal,medium,CN_SHORT_SH_DIR_2020,2020,"Older source; useful as historical benchmark, not current shortage magnitude."
obs_0123,city,sig_015,Shanghai,Shanghai,deposition,,Shanghai shortage and IC cluster policy context,present,qualitative,shortage_signal,medium,CN_SHORT_SH_DIR_2020,2020,"Older source; useful as historical benchmark, not current shortage magnitude."
obs_0124,city,sig_016,Shanghai,Shanghai,metrology_inspection,,Shanghai shortage and IC cluster policy context,present,qualitative,shortage_signal,medium,CN_SHORT_SH_DIR_2020,2020,"Older source; useful as historical benchmark, not current shortage magnitude."
obs_0125,city,sig_017,Shanghai,Shanghai,lithography_sidebar,,Shanghai shortage and IC cluster policy context,present,qualitative,shortage_signal,medium,CN_SHORT_SH_DIR_2020,2020,"Older source; useful as historical benchmark, not current shortage magnitude."
obs_0126,city,sig_018,Shanghai,Shanghai,etch_clean,,Lingang Oriental Chip Port cluster signal,present,qualitative,industry_presence,high,CN_PARK_ORIENTAL_CHIP_PORT,2024,Park-level evidence of IC cluster; not a direct talent count.
obs_0127,city,sig_019,Shanghai,Shanghai,deposition,,Lingang Oriental Chip Port cluster signal,present,qualitative,industry_presence,high,CN_PARK_ORIENTAL_CHIP_PORT,2024,Park-level evidence of IC cluster; not a direct talent count.
obs_0128,city,sig_020,Shanghai,Shanghai,metrology_inspection,,Lingang Oriental Chip Port cluster signal,present,qualitative,industry_presence,high,CN_PARK_ORIENTAL_CHIP_PORT,2024,Park-level evidence of IC cluster; not a direct talent count.
obs_0129,city,sig_021,Shanghai,Shanghai,lithography_sidebar,,Lingang Oriental Chip Port cluster signal,present,qualitative,industry_presence,high,CN_PARK_ORIENTAL_CHIP_PORT,2024,Park-level evidence of IC cluster; not a direct talent count.
obs_0130,city,sig_022,Beijing,Beijing,etch_clean,,Beijing E-Town IC chain cluster signal,present,qualitative,industry_presence,high,CN_PARK_BEIJING_ETOWN_IC,2023,"Cluster release says the IC chain includes equipment, parts, and materials; not a direct talent count."
obs_0131,city,sig_023,Beijing,Beijing,deposition,,Beijing E-Town IC chain cluster signal,present,qualitative,industry_presence,high,CN_PARK_BEIJING_ETOWN_IC,2023,"Cluster release says the IC chain includes equipment, parts, and materials; not a direct talent count."
obs_0132,city,sig_024,Beijing,Beijing,metrology_inspection,,Beijing E-Town IC chain cluster signal,present,qualitative,industry_presence,high,CN_PARK_BEIJING_ETOWN_IC,2023,"Cluster release says the IC chain includes equipment, parts, and materials; not a direct talent count."
obs_0133,city,sig_025,Beijing,Beijing,lithography_sidebar,,Beijing E-Town IC chain cluster signal,present,qualitative,industry_presence,high,CN_PARK_BEIJING_ETOWN_IC,2023,"Cluster release says the IC chain includes equipment, parts, and materials; not a direct talent count."
obs_0134,city,sig_026,Suzhou,Jiangsu,deposition,,Suzhou Industrial Park IC equipment/action-plan signal,present,qualitative,official_policy,high,CN_PARK_SIP_IC,2022,Action plan names equipment directions and targets; not direct headcount.
obs_0135,city,sig_027,Suzhou,Jiangsu,metrology_inspection,,Suzhou Industrial Park IC equipment/action-plan signal,present,qualitative,official_policy,high,CN_PARK_SIP_IC,2022,Action plan names equipment directions and targets; not direct headcount.
obs_0136,city,sig_028,Suzhou,Jiangsu,lithography_sidebar,,Suzhou Industrial Park IC equipment/action-plan signal,present,qualitative,official_policy,high,CN_PARK_SIP_IC,2022,Action plan names equipment directions and targets; not direct headcount.
obs_0137,city,sig_029,Xiamen,Fujian,etch_clean,,Haicang IC Park ecosystem signal,present,qualitative,industry_presence,medium,CN_PARK_HAICANG_IC,2024,Park profile; counts and tenants may change.
obs_0138,city,sig_030,Xiamen,Fujian,deposition,,Haicang IC Park ecosystem signal,present,qualitative,industry_presence,medium,CN_PARK_HAICANG_IC,2024,Park profile; counts and tenants may change.
obs_0139,city,sig_031,Xiamen,Fujian,metrology_inspection,,Haicang IC Park ecosystem signal,present,qualitative,industry_presence,medium,CN_PARK_HAICANG_IC,2024,Park profile; counts and tenants may change.
obs_0140,proxy_source,CN_PROXY_CNIPA_PSS,,,etch_clean,,Patent/IP search proxy,available,qualitative,research_output_proxy,medium,CN_PROXY_CNIPA_PSS,2026,"Proxy source should be queried with segment-specific keyword design; this row records availability, not output volume."
obs_0141,proxy_source,CN_PROXY_CNIPA_PSS,,,deposition,,Patent/IP search proxy,available,qualitative,research_output_proxy,medium,CN_PROXY_CNIPA_PSS,2026,"Proxy source should be queried with segment-specific keyword design; this row records availability, not output volume."
obs_0142,proxy_source,CN_PROXY_CNIPA_PSS,,,metrology_inspection,,Patent/IP search proxy,available,qualitative,research_output_proxy,medium,CN_PROXY_CNIPA_PSS,2026,"Proxy source should be queried with segment-specific keyword design; this row records availability, not output volume."
obs_0143,proxy_source,CN_PROXY_CNIPA_PSS,,,lithography_sidebar,,Patent/IP search proxy,available,qualitative,research_output_proxy,medium,CN_PROXY_CNIPA_PSS,2026,"Proxy source should be queried with segment-specific keyword design; this row records availability, not output volume."
obs_0144,proxy_source,CN_PROXY_NSFC,,,etch_clean,,Research grant proxy,available,qualitative,research_output_proxy,medium,CN_PROXY_NSFC,2026,"Proxy source should be queried with segment-specific keyword design; this row records availability, not output volume."
obs_0145,proxy_source,CN_PROXY_NSFC,,,deposition,,Research grant proxy,available,qualitative,research_output_proxy,medium,CN_PROXY_NSFC,2026,"Proxy source should be queried with segment-specific keyword design; this row records availability, not output volume."
obs_0146,proxy_source,CN_PROXY_NSFC,,,metrology_inspection,,Research grant proxy,available,qualitative,research_output_proxy,medium,CN_PROXY_NSFC,2026,"Proxy source should be queried with segment-specific keyword design; this row records availability, not output volume."
obs_0147,proxy_source,CN_PROXY_NSFC,,,lithography_sidebar,,Research grant proxy,available,qualitative,research_output_proxy,medium,CN_PROXY_NSFC,2026,"Proxy source should be queried with segment-specific keyword design; this row records availability, not output volume."
obs_0148,proxy_source,CN_PROXY_WANFANG,,,etch_clean,,Chinese literature/thesis proxy,available,qualitative,research_output_proxy,medium,CN_PROXY_WANFANG,2026,"Proxy source should be queried with segment-specific keyword design; this row records availability, not output volume."
obs_0149,proxy_source,CN_PROXY_WANFANG,,,deposition,,Chinese literature/thesis proxy,available,qualitative,research_output_proxy,medium,CN_PROXY_WANFANG,2026,"Proxy source should be queried with segment-specific keyword design; this row records availability, not output volume."
obs_0150,proxy_source,CN_PROXY_WANFANG,,,metrology_inspection,,Chinese literature/thesis proxy,available,qualitative,research_output_proxy,medium,CN_PROXY_WANFANG,2026,"Proxy source should be queried with segment-specific keyword design; this row records availability, not output volume."
obs_0151,proxy_source,CN_PROXY_WANFANG,,,lithography_sidebar,,Chinese literature/thesis proxy,available,qualitative,research_output_proxy,medium,CN_PROXY_WANFANG,2026,"Proxy source should be queried with segment-specific keyword design; this row records availability, not output volume."
obs_0152,proxy_source,CN_PROXY_NSTRS,,,etch_clean,,National technical-report proxy,available,qualitative,research_output_proxy,medium,CN_PROXY_NSTRS,2026,"Proxy source should be queried with segment-specific keyword design; this row records availability, not output volume."
obs_0153,proxy_source,CN_PROXY_NSTRS,,,deposition,,National technical-report proxy,available,qualitative,research_output_proxy,medium,CN_PROXY_NSTRS,2026,"Proxy source should be queried with segment-specific keyword design; this row records availability, not output volume."
obs_0154,proxy_source,CN_PROXY_NSTRS,,,metrology_inspection,,National technical-report proxy,available,qualitative,research_output_proxy,medium,CN_PROXY_NSTRS,2026,"Proxy source should be queried with segment-specific keyword design; this row records availability, not output volume."
obs_0155,proxy_source,CN_PROXY_NSTRS,,,lithography_sidebar,,National technical-report proxy,available,qualitative,research_output_proxy,medium,CN_PROXY_NSTRS,2026,"Proxy source should be queried with segment-specific keyword design; this row records availability, not output volume."
obs_0156,source,SEC_CSET_SME_2021,,,metrology_inspection,,Secondary benchmark source for China SME weaknesses,available,qualitative,expert_secondary,medium,SEC_CSET_SME_2021,2026,Use for framing only; not a primary PRC observation row.
obs_0157,source,SEC_CSET_SME_2021,,,lithography_sidebar,,Secondary benchmark source for China SME weaknesses,available,qualitative,expert_secondary,medium,SEC_CSET_SME_2021,2026,Use for framing only; not a primary PRC observation row.
obs_0158,source,SEC_CSET_BEIJING_2025,,,etch_clean,,Secondary current framing on Chinese tool-segment progress,available,qualitative,expert_secondary,medium,SEC_CSET_BEIJING_2025,2026,Use for framing only; not a primary PRC observation row.
obs_0159,source,SEC_CSET_BEIJING_2025,,,deposition,,Secondary current framing on Chinese tool-segment progress,available,qualitative,expert_secondary,medium,SEC_CSET_BEIJING_2025,2026,Use for framing only; not a primary PRC observation row.
obs_0160,source,SEC_CSET_BEIJING_2025,,,metrology_inspection,,Secondary current framing on Chinese tool-segment progress,available,qualitative,expert_secondary,medium,SEC_CSET_BEIJING_2025,2026,Use for framing only; not a primary PRC observation row.
obs_0161,source,SEC_CSET_BEIJING_2025,,,lithography_sidebar,,Secondary current framing on Chinese tool-segment progress,available,qualitative,expert_secondary,medium,SEC_CSET_BEIJING_2025,2026,Use for framing only; not a primary PRC observation row.
obs_0162,source,SEC_MCKINSEY_TALENT_2024,,,etch_clean,,Global semiconductor talent-gap framing,available,qualitative,expert_secondary,medium,SEC_MCKINSEY_TALENT_2024,2026,Use for framing only; not a primary PRC observation row.
obs_0163,source,SEC_MCKINSEY_TALENT_2024,,,deposition,,Global semiconductor talent-gap framing,available,qualitative,expert_secondary,medium,SEC_MCKINSEY_TALENT_2024,2026,Use for framing only; not a primary PRC observation row.
obs_0164,source,SEC_MCKINSEY_TALENT_2024,,,metrology_inspection,,Global semiconductor talent-gap framing,available,qualitative,expert_secondary,medium,SEC_MCKINSEY_TALENT_2024,2026,Use for framing only; not a primary PRC observation row.
obs_0165,source,SEC_DELOITTE_2026,,,etch_clean,,Global semiconductor outlook/talent availability framing,available,qualitative,expert_secondary,medium,SEC_DELOITTE_2026,2026,Use for framing only; not a primary PRC observation row.
obs_0166,source,SEC_DELOITTE_2026,,,deposition,,Global semiconductor outlook/talent availability framing,available,qualitative,expert_secondary,medium,SEC_DELOITTE_2026,2026,Use for framing only; not a primary PRC observation row.
obs_0167,source,SEC_DELOITTE_2026,,,metrology_inspection,,Global semiconductor outlook/talent availability framing,available,qualitative,expert_secondary,medium,SEC_DELOITTE_2026,2026,Use for framing only; not a primary PRC observation row.
obs_0168,company,ent_amec,Shanghai,Shanghai,etch_clean,,Listed-company filing signal,available,qualitative,industry_presence,medium,CN_FILING_AMEC_2025,2025,Corporate filing evidence: etch product maturity and R&D composition
obs_0169,company,ent_naura,Beijing,Beijing,deposition,,Listed-company filing signal,available,qualitative,industry_presence,medium,CN_FILING_NAURA_2025,2025,"Corporate filing evidence: scale, R&D intensity, customer-service expansion"
obs_0170,company,ent_acm_sh,Shanghai,Shanghai,etch_clean,,Listed-company filing signal,available,qualitative,industry_presence,medium,CN_FILING_ACM_SH_2025,2025,Corporate filing evidence: clean/strip product and service-heavy workforce
obs_0171,company,ent_piotech,Shenyang,Liaoning,deposition,,Listed-company filing signal,available,qualitative,industry_presence,medium,CN_FILING_PIOTECH_2025,2025,Corporate filing evidence: deposition product families and demand mechanics
obs_0172,company,ent_jingce,Wuhan,Hubei,metrology_inspection,,Listed-company filing signal,available,qualitative,industry_presence,medium,CN_FILING_JINGCE_2025,2025,Corporate filing evidence: metrology/inspection product taxonomy
